,City,Cloudiness,Country,Date,Humidity,Lat,Lng,Max Temp,Wind Speed
0,Buraidah,0,SA,1579987210,45,26.33,43.98,42.67,10.71
1,Bambous Virieux,75,MU,1579986835,83,-20.34,57.76,77.0,11.41
2,Nyurba,95,RU,1579987210,97,63.28,118.33,-19.19,5.88
3,Yichun,0,CN,1579987210,87,47.7,128.9,-3.42,4.23
4,Praia,61,CV,1579987210,68,14.92,-23.51,72.16,11.54
5,Luyang,100,CN,1579987210,91,27.62,110.1,35.71,4.63
6,Mount Gambier,70,AU,1579986993,92,-37.83,140.77,61.81,5.19
7,Port Alfred,0,ZA,1579986777,97,-33.59,26.89,66.0,1.01
8,Tuktoyaktuk,100,CA,1579986966,96,69.45,-133.04,-14.19,21.0
9,Wanning,100,CN,1579987211,88,18.8,110.4,70.11,6.31
10,Atbasar,100,KZ,1579987211,90,51.8,68.33,10.26,21.43
11,Punta Arenas,0,CL,1579986792,66,-53.15,-70.92,53.01,27.0
12,Dataganj,10,IN,1579987211,64,28.03,79.4,51.31,5.39
13,Mecca,0,SA,1579987211,44,21.43,39.83,61.18,6.24
14,Kapaa,89,US,1579986806,59,22.08,-159.32,73.0,3.0
15,Caravelas,100,BR,1579987119,79,-17.71,-39.25,79.52,18.19
16,Arlit,22,NE,1579987211,8,18.74,7.39,72.5,12.33
17,Vaini,46,TO,1579986607,86,-21.2,-175.2,78.4,21.07
18,Albany,90,US,1579986585,93,42.6,-73.97,41.0,3.65
19,Carutapera,100,BR,1579987211,80,-1.2,-46.02,82.71,13.33
20,Kodiak,80,US,1579987211,81,57.79,-152.41,19.51,23.67
21,Hilo,52,US,1579987022,90,19.73,-155.09,77.0,3.0
22,Coahuayana Viejo,98,MX,1579987211,65,18.73,-103.68,78.51,6.78
23,Shikhany,100,RU,1579987211,97,52.12,47.22,32.18,21.47
24,City of San Pedro,67,PH,1579986939,90,14.35,121.02,77.0,1.01
25,Olenino,81,RU,1579987212,77,56.21,33.49,28.54,12.3
26,Hermanus,29,ZA,1579986608,83,-34.42,19.23,66.0,11.01
27,Norman Wells,100,CA,1579987008,92,65.28,-126.83,-18.09,9.44
28,Hobart,76,AU,1579986889,73,-42.88,147.33,66.99,3.0
29,Rikitea,36,PF,1579986834,77,-23.12,-134.97,78.76,14.61
30,San Cristobal,100,VE,1579987212,96,7.77,-72.22,60.35,2.06
31,Barrow,1,US,1579986901,74,71.29,-156.79,-23.8,9.17
32,South Lake Tahoe,1,US,1579987050,37,38.93,-119.98,61.0,3.02
33,Kutum,0,SD,1579987212,28,14.2,24.67,47.41,7.58
34,Tezu,46,IN,1579987212,63,27.92,96.17,48.83,3.2
35,Nikolskoye,0,RU,1579986980,80,59.7,30.79,30.0,1.01
36,Ushuaia,100,AR,1579987212,57,-54.8,-68.3,47.46,14.94
37,Kavaratti,77,IN,1579987183,66,10.57,72.64,81.25,3.42
38,Moranbah,100,AU,1579987213,92,-22.0,148.05,73.56,11.36
39,Camacupa,100,AO,1579987213,95,-12.02,17.48,65.91,5.82
40,Mossamedes,0,AO,1579987169,78,-15.2,12.15,75.16,12.1
41,Qui Nhon,100,VN,1579987213,94,13.77,109.23,69.44,1.14
42,Rosario do Sul,0,BR,1579987213,25,-30.26,-54.91,92.66,9.37
43,Hualmay,88,PE,1579987213,62,-11.1,-77.61,77.22,5.84
44,Busselton,1,AU,1579986932,61,-33.65,115.33,64.99,9.6
45,Bredasdorp,0,ZA,1579986788,72,-34.53,20.04,66.2,9.17
46,Kumul,0,CN,1579987213,69,42.8,93.45,9.0,3.4
47,Zhigansk,41,RU,1579986956,92,66.77,123.37,-34.89,12.15
48,Palmer,90,US,1579986624,93,42.16,-72.33,45.0,4.7
49,Talnakh,100,RU,1579986946,95,69.49,88.4,2.75,7.27
50,Namatanai,100,PG,1579987213,77,-3.67,152.43,82.8,11.83
51,Kenai,59,US,1579987214,60,60.55,-151.26,9.0,5.99
52,Husavik,90,IS,1579987214,92,66.04,-17.34,30.2,8.05
53,Baillif,0,GP,1579987214,72,16.02,-61.75,78.73,7.58
54,Bondoukou,1,CI,1579987214,10,8.03,-2.8,75.31,3.0
55,Semey,100,KZ,1579987214,91,50.41,80.23,20.68,8.46
56,Chui,45,UY,1579986780,69,-33.7,-53.46,76.3,7.72
57,Hithadhoo,100,MV,1579986815,80,-0.6,73.08,82.6,15.23
58,Mataura,99,NZ,1579986795,72,-46.19,168.86,61.81,1.86
59,Kibala,98,TD,1579987214,25,9.11,18.35,73.4,4.65
60,Tasiilaq,100,GL,1579986942,73,65.61,-37.64,26.6,12.75
61,Moroto,100,UG,1579987214,59,2.53,34.67,72.46,2.66
62,Kintampo,58,GH,1579987214,9,8.06,-1.73,78.98,2.64
63,Linkuva,0,LT,1579987214,93,56.09,23.97,33.8,9.17
64,Murray Bridge,69,AU,1579987214,94,-35.12,139.27,68.0,1.01
65,Borba,100,BR,1579987215,77,-4.39,-59.59,80.82,4.88
66,Moussoro,0,TD,1579987215,15,13.64,16.49,64.11,11.45
67,Dzhebariki-Khaya,23,RU,1579987215,98,62.22,135.8,-48.91,0.36
68,Avarua,98,CK,1579986838,85,-21.21,-159.78,80.29,14.81
69,Turan,100,VN,1579987215,93,16.07,108.22,68.09,1.88
70,Port Macquarie,0,AU,1579987215,81,-31.43,152.92,80.01,1.99
71,Ostrovnoy,43,RU,1579987215,99,68.05,39.51,2.89,5.53
72,Cape Town,37,ZA,1579986784,88,-33.93,18.42,68.0,3.0
73,Khatanga,70,RU,1579986613,90,71.97,102.5,-23.35,3.02
74,Coyhaique,0,CL,1579987215,63,-45.58,-72.07,60.19,14.9
75,Desaguadero,0,PE,1579987215,51,-16.57,-69.04,59.14,14.05
76,Necochea,0,AR,1579987180,67,-38.55,-58.74,73.0,8.01
77,Esperance,74,AU,1579987080,85,-33.87,121.9,65.34,4.59
78,Castro,0,BR,1579987067,53,-24.79,-50.01,77.29,0.98
79,Zhangjiakou Shi Xuanhua Qu,0,CN,1579987215,75,40.61,115.04,17.1,1.74
80,Puerto Ayora,96,EC,1579986831,53,-0.74,-90.35,78.01,5.99
81,Rio Gallegos,100,AR,1579987141,46,-51.62,-69.22,57.9,34.78
82,Fairbanks,100,US,1579987066,73,64.84,-147.72,-4.0,3.0
83,Tabuk,88,PH,1579987216,95,17.42,121.44,69.42,4.21
84,Muzhi,98,RU,1579987216,99,65.37,64.67,-3.35,2.21
85,Cabo San Lucas,31,MX,1579987216,69,22.89,-109.91,75.0,4.0
86,Esim,94,GH,1579987216,77,4.87,-2.24,78.67,4.29
87,Yerbogachen,100,RU,1579987216,94,61.28,108.01,21.65,11.99
88,Ponta do Sol,32,PT,1579986934,62,32.67,-17.1,57.0,1.99
89,Bluff,66,NZ,1579986572,56,-46.6,168.33,63.43,1.54
90,Vestmanna,100,FO,1579987050,87,62.16,-7.17,43.75,17.92
91,Muros,14,ES,1579987216,92,42.78,-9.06,51.01,3.0
92,Paka,43,MY,1579987216,94,4.64,103.44,73.0,1.01
93,Fazilka,2,IN,1579987216,49,30.4,74.03,52.99,5.41
94,La Ronge,100,CA,1579987216,95,55.1,-105.28,26.37,4.85
95,Hope,68,US,1579987217,38,33.67,-93.59,57.99,1.01
96,Port Moresby,20,PG,1579987217,100,-9.44,147.18,75.2,5.82
97,Shakawe,0,BW,1579987217,58,-18.37,21.85,72.91,3.24
98,Saskylakh,100,RU,1579987075,91,71.92,114.08,-16.85,19.26
99,Cockburn Town,0,TC,1579986940,65,21.46,-71.14,76.35,6.38
100,Oktyabrskiy,99,RU,1579987217,95,54.48,53.47,20.62,4.63
101,Kaitangata,91,NZ,1579986968,67,-46.28,169.85,64.99,6.85
102,Hancheng,100,CN,1579987217,71,32.52,112.35,38.52,8.99
103,Abancay,100,PE,1579987217,85,-13.63,-72.88,56.46,4.7
104,Itaqui,0,BR,1579987217,28,-29.13,-56.55,91.54,6.11
105,Dikson,100,RU,1579986939,97,73.51,80.55,-8.45,8.05
106,Cherskiy,100,RU,1579987074,97,68.75,161.3,-23.39,2.71
107,Tarakan,15,ID,1579987123,89,3.3,117.63,77.43,5.14
108,Barranca,32,PE,1579987217,90,-10.75,-77.77,73.51,7.61
109,Portland,75,US,1579986601,64,45.52,-122.68,57.99,4.56
110,Mach,0,PK,1579987218,47,29.86,67.33,49.08,8.16
111,New Norfolk,77,AU,1579986793,67,-42.78,147.06,66.99,1.01
112,Airai,100,TL,1579987218,93,-8.93,125.41,68.27,1.21
113,Juan Lacaze,0,UY,1579987218,52,-34.43,-57.44,87.01,15.7
114,Santander,88,ES,1579987208,89,43.46,-3.8,52.0,7.36
115,Yellowknife,100,CA,1579986928,84,62.46,-114.35,10.0,7.63
116,Mount Isa,100,AU,1579987218,90,-20.73,139.5,74.84,12.5
117,Tynda,41,RU,1579987218,97,55.17,124.72,-26.27,1.23
118,Mabaruma,100,GY,1579987218,65,8.2,-59.78,82.27,7.49
119,Berlevag,100,NO,1579987192,60,70.86,29.09,24.8,32.14
120,Saint-Philippe,90,RE,1579987058,88,-21.36,55.77,77.0,3.36
121,Corner Brook,54,CA,1579987118,82,48.97,-57.95,24.01,3.47
122,Saldanha,33,ZA,1579987085,88,-33.01,17.94,63.48,7.02
123,Indiaroba,97,BR,1579987218,83,-11.52,-37.51,79.2,5.68
124,Christchurch,94,NZ,1579987204,81,-43.53,172.63,66.0,6.78
125,Beringovskiy,100,RU,1579987219,85,63.05,179.32,14.45,10.78
126,Faya,0,SA,1579987219,79,18.39,42.45,49.1,1.25
127,Yerofey Pavlovich,0,RU,1579987219,95,53.97,121.97,-18.72,1.12
128,Dali,0,CN,1579987219,72,25.7,100.18,28.51,2.15
129,Qaanaaq,0,GL,1579986971,46,77.48,-69.36,-13.38,4.99
130,Iberia,87,US,1579987207,80,29.95,-91.75,64.99,5.99
131,Saint-Pierre,90,RE,1579987219,88,-21.34,55.48,77.0,3.36
132,Luwuk,0,ID,1579987219,79,-0.95,122.79,81.27,3.83
133,Marzuq,28,YE,1579986967,80,14.4,46.47,65.62,1.21
134,Yulara,0,AU,1579987219,20,-25.24,130.99,73.49,10.89
135,Faanui,0,PF,1579986618,77,-16.48,-151.75,82.13,12.93
136,Halifax,100,CA,1579986998,86,44.65,-63.57,32.0,7.0
137,Kirakira,0,SB,1579987201,78,-10.45,161.92,80.76,3.11
138,Chapais,100,CA,1579987061,95,49.78,-74.85,27.36,6.6
139,Thompson,100,CA,1579987074,91,55.74,-97.86,21.2,1.25
140,Deloraine,100,AU,1579987220,97,-41.53,146.67,63.0,3.0
141,Mar del Plata,0,AR,1579987066,69,-38.0,-57.56,71.01,11.99
142,Pacific Grove,1,US,1579987220,82,36.62,-121.92,68.0,5.82
143,Severo-Kuril'sk,100,RU,1579987186,91,50.68,156.12,17.74,42.77
144,Sahuaripa,100,MX,1579987220,35,29.05,-109.23,67.53,7.76
145,Luderitz,0,NA,1579987143,91,-26.65,15.16,66.15,15.19
146,Pangnirtung,100,CA,1579987220,99,66.15,-65.71,-36.72,2.37
147,Nome,0,US,1579987051,71,64.5,-165.41,-9.62,7.07
148,Pimenta Bueno,19,BR,1579987220,84,-11.67,-61.19,83.01,4.43
149,Katra,46,IN,1579987221,75,32.98,74.95,45.09,7.23
150,Katsuura,100,JP,1579987096,91,35.13,140.3,39.99,3.0
151,Rawson,0,AR,1579987221,56,-43.3,-65.1,67.98,20.38
152,Kayes,100,ML,1579987221,6,14.0,-11.0,86.09,10.8
153,Bang Saphan,100,TH,1579987221,90,11.21,99.51,72.66,5.35
154,Corinth,91,GR,1579987221,68,37.94,22.96,54.0,1.99
155,Tura,0,IN,1579987221,74,25.52,90.22,54.01,1.21
156,Laguna,75,US,1579987105,87,38.42,-121.42,63.0,5.82
157,Pevek,100,RU,1579986809,96,69.7,170.31,-16.02,3.6
158,George Town,79,MY,1579987011,88,5.41,100.34,78.01,3.0
159,Saint George,1,US,1579986682,43,37.1,-113.58,60.01,3.36
160,Kibondo,100,TZ,1579987222,90,-3.59,30.72,65.97,1.28
161,Isheyevka,96,RU,1579987222,95,54.42,48.27,26.53,5.37
162,Narsaq,100,GL,1579986989,61,60.92,-46.05,17.6,4.7
163,Tulu Bolo,92,ET,1579987222,76,8.67,38.22,59.38,5.91
164,Port Elizabeth,0,ZA,1579986887,89,-33.92,25.57,69.6,9.15
165,Geraldton,0,AU,1579987222,80,-28.77,114.6,72.46,19.3
166,Tiznit,28,MA,1579987222,90,29.58,-9.5,48.69,7.25
167,Butaritari,3,KI,1579986821,72,3.07,172.79,84.85,9.51
168,Lavrentiya,0,RU,1579987222,73,65.58,-171.0,-14.71,0.89
169,Guerrero Negro,0,MX,1579986613,43,27.98,-114.06,71.26,4.36
170,Longyearbyen,0,SJ,1579987204,58,78.22,15.64,-11.52,2.73
171,Arman,100,RU,1579987222,99,59.7,150.17,-5.67,18.48
172,Simav,2,TR,1579987222,53,39.09,28.98,31.26,2.55
173,Bathsheba,100,BB,1579986992,75,13.22,-59.52,79.21,9.98
174,Kismayo,100,SO,1579987222,89,-0.36,42.55,80.64,14.23
175,Nouadhibou,100,MR,1579987223,69,20.93,-17.03,64.69,22.32
176,Atuona,61,PF,1579986955,77,-9.8,-139.03,80.87,15.77
177,Paraguacu,8,BR,1579987223,83,-21.55,-45.74,72.86,2.82
178,Tubize,64,BE,1579987223,97,50.69,4.21,39.0,6.26
179,Hasaki,100,JP,1579987147,91,35.73,140.83,39.0,16.35
180,Puerto Colombia,99,CO,1579987166,79,10.99,-74.95,78.85,19.15
181,Lishu,0,CN,1579987223,96,43.3,124.33,-5.21,0.51
182,Zlobin,100,HR,1579987223,96,45.29,14.65,48.99,3.65
183,Yuci,100,CN,1579987223,77,37.68,112.73,27.25,5.12
184,Saint-Augustin,34,CA,1579987223,77,51.23,-58.65,16.25,12.59
185,Djambala,100,CG,1579987223,76,-2.54,14.75,73.83,2.91
186,Fortuna,100,US,1579987000,83,40.6,-124.16,62.01,7.0
187,Mahebourg,75,MU,1579987207,83,-20.41,57.7,77.0,11.41
188,Anuradhapura,100,LK,1579987223,95,8.36,80.42,68.65,4.54
189,Dingle,2,PH,1579986685,90,11.0,122.67,74.05,4.92
190,Ampanihy,0,MG,1579987224,65,-24.7,44.75,73.0,12.03
191,Singaraja,42,ID,1579987224,73,-8.11,115.09,83.23,6.6
192,Chokurdakh,82,RU,1579987182,86,70.63,147.92,-31.25,3.15
193,Korla,0,CN,1579987224,46,41.76,86.15,14.36,5.73
194,Jamestown,100,US,1579986743,95,42.1,-79.24,37.99,3.0
195,Lubbock,0,US,1579987011,28,33.6,-101.83,64.0,8.99
196,Grindavik,75,IS,1579987061,74,63.84,-22.43,35.6,8.05
197,Tiksi,0,RU,1579986979,70,71.69,128.87,-26.79,6.35
198,Isangel,33,VU,1579987200,82,-19.55,169.27,77.67,15.01
199,Prachuap Khiri Khan,95,TH,1579987224,80,11.82,99.78,77.27,10.94
200,Naze,100,JP,1579987224,85,28.37,129.48,69.26,7.61
201,Topolobampo,0,MX,1579987224,48,25.6,-109.05,78.01,1.01
202,Sao Miguel do Iguacu,2,BR,1579987057,42,-25.35,-54.24,86.63,4.72
203,Deputatsky,59,RU,1579987224,100,69.3,139.9,-40.74,0.94
204,Presidente Franco,0,PY,1579987224,38,-25.53,-54.62,88.54,5.3
205,Carnarvon,0,AU,1579986957,64,-24.87,113.63,78.64,19.28
206,Wlodawa,95,PL,1579987225,90,51.55,23.55,31.59,6.42
207,Kaeo,98,NZ,1579987225,89,-35.1,173.78,78.01,4.0
208,Andenes,41,NO,1579987142,100,69.31,16.12,25.0,31.0
209,Lebu,0,CL,1579986825,44,-37.62,-73.65,72.59,13.06
210,Bud,100,US,1579987225,95,39.45,-86.18,34.0,14.92
211,Jiayuguan,0,CN,1579987225,55,39.82,98.3,20.62,9.73
212,Pisco,100,PE,1579987225,87,-13.7,-76.22,73.99,11.01
213,Meulaboh,46,ID,1579987225,76,4.14,96.13,82.11,3.85
214,Westport,90,US,1579986790,87,41.14,-73.36,52.0,24.16
215,Chadiza,0,ZM,1579987225,97,-14.07,32.44,65.07,2.59
216,Nanortalik,100,GL,1579987104,81,60.14,-45.24,22.53,16.15
217,Syracuse,100,IT,1579987225,99,37.09,15.28,57.0,17.0
218,El Cobre,24,CU,1579987226,58,20.05,-75.95,76.42,5.59
219,Shetpe,100,KZ,1579987226,76,44.17,52.12,34.07,12.33
220,Jiwani,0,PK,1579987226,78,25.05,61.74,72.0,15.05
221,Batagay-Alyta,0,RU,1579987226,55,67.8,130.41,-34.8,4.27
222,Ust-Tsilma,100,RU,1579987226,98,65.44,52.15,-4.97,3.83
223,Kargasok,100,RU,1579987226,91,59.06,80.86,10.26,10.83
224,Ancud,100,CL,1579986965,94,-41.87,-73.82,60.33,8.79
225,Rio Claro,28,BR,1579987226,71,-22.41,-47.56,75.11,4.34
226,Pingyi,100,CN,1579987226,55,35.5,117.63,34.63,3.62
227,Larreynaga,0,NI,1579987226,28,12.68,-86.57,92.62,8.46
228,Port Lincoln,39,AU,1579987125,85,-34.73,135.87,64.17,4.7
229,Poum,77,NC,1579987226,80,-20.23,164.02,79.65,20.02
230,Souillac,75,MU,1579986779,83,-20.52,57.52,77.0,11.41
231,Hambantota,91,LK,1579987195,75,6.12,81.12,78.6,22.03
232,Impfondo,76,CG,1579987227,23,1.64,18.07,73.47,2.93
233,Labuhan,100,ID,1579987227,92,-6.88,112.21,75.49,2.8
234,Celestun,0,MX,1579987227,80,20.87,-90.4,73.9,21.88
235,Aykhal,100,RU,1579987227,100,66.0,111.5,-22.05,8.95
236,Arraial do Cabo,0,BR,1579986983,85,-22.97,-42.03,75.97,11.48
237,Puqi,100,CN,1579987227,95,29.72,113.88,40.05,3.67
238,Nhulunbuy,0,AU,1579987227,80,-12.23,136.77,84.96,18.7
239,Tuatapere,96,NZ,1579987063,53,-46.13,167.68,63.64,1.45
240,Ayagoz,100,KZ,1579987227,95,47.97,80.44,24.98,13.09
241,Khakhea,80,BW,1579987227,49,-24.69,23.49,76.26,11.05
242,Deer Lake,48,CA,1579987227,68,49.17,-57.43,24.01,11.99
243,Doha,0,QA,1579987021,35,25.29,51.53,60.01,10.0
244,Ahipara,86,NZ,1579987228,89,-35.17,173.17,78.01,4.0
245,Weyburn,0,CA,1579987228,77,49.67,-103.85,37.99,8.01
246,Okhotsk,41,RU,1579987228,68,59.38,143.3,-22.9,14.58
247,Miracema do Tocantins,100,BR,1579987228,90,-9.56,-48.4,80.53,2.73
248,Kahului,6,US,1579987135,71,20.89,-156.47,78.01,10.0
249,Bubaque,99,GW,1579987228,66,11.28,-15.83,79.34,15.88
250,Yangjiang,100,CN,1579987228,87,21.85,111.97,59.72,6.69
251,Pedasi,32,PA,1579987228,72,7.53,-80.03,82.45,19.39
252,Payson,1,US,1579987159,80,40.04,-111.73,46.0,2.93
253,Vila Velha,100,BR,1579986987,78,-20.33,-40.29,77.0,3.22
254,Upernavik,57,GL,1579987037,96,72.79,-56.15,-15.52,8.12
255,San Francisco,90,US,1579986973,87,37.77,-122.42,66.0,5.82
256,Nuuk,40,GL,1579987003,61,64.18,-51.72,14.0,9.17
257,Aden,100,YE,1579987087,76,12.78,45.04,78.01,8.99
258,Stokmarknes,100,NO,1579987078,74,68.56,14.91,28.99,8.99
259,Mareeba,99,AU,1579987229,95,-17.0,145.43,80.01,2.13
260,Mae Hong Son,0,TH,1579987229,36,19.3,97.97,47.14,1.9
261,Castelnaudary,99,FR,1579987229,89,43.32,1.95,52.0,1.68
262,Fairlie,100,GB,1579987229,84,55.76,-4.86,46.0,11.21
263,Hare Bay,25,CA,1579987229,91,48.85,-54.01,15.3,5.17
264,Kerrville,100,US,1579987229,89,30.05,-99.14,63.0,5.99
265,Cidreira,67,BR,1579987164,66,-30.18,-50.21,76.32,9.4
266,Byron Bay,8,AU,1579987229,91,-28.65,153.62,77.0,1.32
267,Aklavik,100,CA,1579986847,92,68.22,-135.01,-14.55,22.3
268,Dubuque,100,US,1579987229,86,42.48,-90.87,34.0,8.01
269,Waddan,73,LY,1579987229,27,29.16,16.14,60.08,5.03
270,Rio Esteban,0,HN,1579987229,61,15.83,-86.3,78.26,9.69
271,Tarbagatay,0,RU,1579987229,92,51.48,107.36,-4.61,1.43
272,Beloha,0,MG,1579987230,76,-25.17,45.05,70.12,15.32
273,Suez,0,EG,1579987230,60,29.97,32.53,49.55,4.47
274,Scottsbluff,0,US,1579987157,40,41.87,-103.67,52.0,11.99
275,Hesla,0,IN,1579987230,64,24.07,85.88,52.68,3.22
276,Malabo,3,GQ,1579987230,59,3.75,8.78,86.0,4.52
277,East London,0,ZA,1579986627,85,-33.02,27.91,77.31,0.51
278,Provideniya,0,RU,1579986995,73,64.38,-173.3,-7.44,4.99
279,Alyangula,100,AU,1579987230,83,-13.85,136.42,81.68,10.42
280,Iqaluit,13,CA,1579987230,67,63.75,-68.51,-27.0,8.99
281,Belaya Gora,100,RU,1579987230,91,68.53,146.42,-31.43,3.02
282,Srednekolymsk,100,RU,1579987084,97,67.45,153.68,-27.18,5.3
283,Alta Floresta,100,BR,1579987230,94,-9.88,-56.09,79.2,4.97
284,Kununurra,100,AU,1579986629,68,-15.77,128.73,85.19,3.49
285,Bratsk,100,RU,1579987230,72,56.13,101.61,14.0,4.0
286,Ribeira Grande,100,PT,1579986836,78,38.52,-28.7,54.05,5.77
287,Sambava,100,MG,1579987231,97,-14.27,50.17,72.5,2.15
288,Porto Franco,100,BR,1579987231,83,-6.34,-47.4,82.6,3.49
289,Biltine,0,TD,1579987231,18,14.53,20.92,60.67,16.35
290,Correntina,100,BR,1579987231,79,-13.34,-44.64,76.53,3.18
291,Rabaul,93,PG,1579987231,75,-4.2,152.17,82.27,6.4
292,Port Antonio,98,JM,1579987231,68,18.18,-76.46,80.01,3.0
293,Cairns,95,AU,1579987231,97,-16.92,145.77,80.01,3.06
294,Dakar,34,SN,1579987231,69,14.69,-17.44,73.85,24.74
295,Langsa,57,ID,1579987231,88,4.47,97.97,72.99,1.25
296,Barra,100,BR,1579987231,70,-11.09,-43.14,82.45,6.38
297,Severo-Yeniseyskiy,100,RU,1579987231,83,60.37,93.04,16.07,20.29
298,Vestmannaeyjar,74,IS,1579987165,57,63.44,-20.27,41.54,12.8
299,Avera,1,US,1579987231,47,33.19,-82.53,55.4,13.87
300,Sulangan,27,PH,1579987232,84,11.14,123.72,80.13,8.23
301,Dalbandin,0,PK,1579987232,75,28.89,64.41,52.41,7.4
302,Bethel,100,US,1579986496,96,41.37,-73.41,51.01,8.99
303,Margate,100,GB,1579987232,93,51.38,1.39,43.0,4.0
304,Bengkulu,78,ID,1579987232,91,-3.8,102.27,73.62,3.11
305,Fort Smith,75,US,1579987232,44,35.39,-94.4,60.01,3.67
306,Mwene-Ditu,83,CD,1579987232,84,-7.0,23.45,69.84,1.74
307,Itarema,100,BR,1579987232,78,-2.92,-39.92,81.16,7.63
308,Sitka,100,US,1579987232,97,57.05,-135.33,33.67,6.02
309,Batemans Bay,46,AU,1579987232,97,-35.72,150.18,73.0,1.9
310,Zeya,8,RU,1579987095,99,53.75,127.27,-28.41,0.76
311,Pemba,75,MZ,1579987232,94,-12.97,40.52,75.2,4.7
312,Mahibadhoo,100,MV,1579987232,82,3.78,72.97,80.87,12.08
313,Dumas,0,US,1579987232,29,35.87,-101.97,61.0,10.0
314,Constitucion,0,CL,1579987233,49,-35.33,-72.42,70.61,11.36
315,Te Anau,80,NZ,1579987233,83,-45.42,167.72,57.56,1.66
316,Chifeng,0,CN,1579987233,78,42.27,118.96,12.31,3.38
317,Sao Raimundo das Mangabeiras,94,BR,1579987233,82,-7.02,-45.48,80.44,4.03
318,Ixtapa,100,MX,1579987233,89,20.7,-105.2,77.0,1.01
319,Vao,40,NC,1579987191,79,-22.67,167.48,77.76,20.29
320,Boras,100,SE,1579987233,97,57.72,12.94,43.0,8.01
321,San Jose de Buan,38,PH,1579987233,99,12.05,125.03,71.69,2.93
322,Sao Filipe,38,CV,1579987233,52,14.9,-24.5,75.87,16.08
323,Vostochnyy,90,RU,1579987233,62,55.82,37.87,33.01,8.01
324,Mariehamn,100,AX,1579987233,85,60.1,19.93,37.11,20.58
325,Moron,0,AR,1579987006,27,-34.65,-58.62,98.01,3.0
326,Lima,100,PE,1579986944,63,-12.04,-77.03,78.01,7.58
327,Paraiso,23,CR,1579987233,49,9.84,-83.87,75.0,7.0
328,Hofn,100,IS,1579987234,95,64.25,-15.21,35.69,4.03
329,Alma,100,CA,1579987234,60,48.55,-71.65,27.0,6.15
330,Swift Current,100,CA,1579987231,96,50.28,-107.8,29.73,15.64
331,Broome,100,US,1579987234,97,42.25,-75.83,37.99,1.01
332,Puerto del Rosario,0,ES,1579987234,71,28.5,-13.86,59.67,7.09
333,Baruun-Urt,0,MN,1579987234,83,46.68,113.28,6.87,9.98
334,Xai-Xai,27,MZ,1579987234,75,-25.05,33.64,73.94,8.99
335,Arkhara,37,RU,1579987234,91,49.42,130.08,-10.53,3.27
336,Aljezur,3,PT,1579987234,85,37.32,-8.8,53.01,5.01
337,Torbay,0,CA,1579987199,74,47.67,-52.73,19.99,1.01
338,Kavieng,92,PG,1579987218,72,-2.57,150.8,83.55,8.93
339,Babati,100,TZ,1579987234,92,-4.22,35.75,67.37,3.04
340,Pinega,80,RU,1579987234,98,64.7,43.39,-4.68,5.57
341,Raja,21,SS,1579987235,20,8.46,25.68,63.88,5.12
342,Bokod,100,HU,1579987235,88,47.49,18.25,33.01,2.17
343,Xining,0,CN,1579987235,77,36.62,101.77,12.07,4.83
344,Araouane,100,ML,1579986705,8,18.9,-3.53,77.97,5.53
345,Hajdunanas,18,HU,1579987235,79,47.85,21.43,29.5,2.93
346,Gotsucho,100,JP,1579987235,76,35.0,132.22,49.77,10.29
347,Bambanglipuro,54,ID,1579987235,88,-7.95,110.28,75.18,3.76
348,Kruisfontein,0,ZA,1579987231,90,-34.0,24.73,67.35,5.73
349,Safi,55,MA,1579987235,88,32.3,-9.24,52.47,3.83
350,San Patricio,58,MX,1579987235,65,19.22,-104.7,79.16,7.52
351,Galesong,28,ID,1579987235,83,-5.32,119.37,78.06,2.86
352,Oddur,100,SO,1579987235,61,4.12,43.89,80.13,16.6
353,Verkhovazhye,93,RU,1579987236,93,60.75,42.05,15.84,8.03
354,Gravdal,100,NO,1579987236,84,68.12,13.5,33.49,25.17
355,Sri Aman,100,MY,1579987236,94,1.24,111.46,75.0,0.67
356,Ippy,100,CF,1579987236,20,6.27,21.22,71.64,6.96
357,Wajima,100,JP,1579987236,63,37.4,136.9,43.92,17.02
358,Osa,100,RU,1579987236,96,57.28,55.46,19.17,6.53
359,Qaqortoq,100,GL,1579987236,61,60.72,-46.03,17.6,4.7
360,Alofi,100,NU,1579986976,82,-19.06,-169.92,80.69,7.4
361,Luena,100,AO,1579987236,94,-11.78,19.92,65.16,1.88
362,Kuytun,54,RU,1579987236,83,54.34,101.5,10.33,3.47
363,Vanavara,100,RU,1579987217,88,60.34,102.28,26.64,13.78
364,Denpasar,83,ID,1579987236,86,-8.65,115.22,76.14,3.13
365,Ferkessedougou,0,CI,1579987236,9,9.6,-5.2,78.08,4.92
366,Port Hedland,0,AU,1579987236,60,-20.32,118.57,85.55,8.41
367,Salalah,56,OM,1579987124,83,17.02,54.09,73.0,5.84
368,Braganca,100,BR,1579987237,95,-1.05,-46.77,78.12,3.42
369,Marsala,100,IT,1579987237,69,37.8,12.44,61.0,1.99
370,Tidman,0,PH,1579987237,83,8.3,126.34,79.34,4.36
371,Mumford,72,GH,1579987237,68,5.26,-0.76,76.26,3.87
372,Los Llanos de Aridane,0,ES,1579987108,78,28.66,-17.92,61.0,4.34
373,Grand Gaube,75,MU,1579987237,83,-20.01,57.66,77.0,11.41
374,Gigmoto,77,PH,1579986842,82,13.78,124.39,80.22,16.58
375,Kazanskaya,82,RU,1579987237,74,45.41,40.44,41.0,23.04
376,Khovd,100,MN,1579987237,54,48.01,91.64,8.42,1.41
377,Khani,0,GE,1579987237,71,41.96,42.96,25.92,7.43
378,Mersa Matruh,0,EG,1579987237,56,31.35,27.25,58.39,2.98
379,Laas,40,IT,1579987238,69,46.62,10.7,35.6,3.36
380,Hong Kong,100,HK,1579987172,95,22.29,114.16,62.01,8.66
381,Bintulu,76,MY,1579987238,94,3.17,113.03,78.01,1.99
382,Gaoua,31,BF,1579987238,7,10.3,-3.25,78.1,5.21
383,Comodoro Rivadavia,0,AR,1579987238,60,-45.87,-67.5,66.25,4.32
384,Port Blair,100,IN,1579987238,69,11.67,92.75,78.12,11.65
385,Erzin,0,TR,1579987238,54,36.96,36.2,38.82,2.3
386,Nichinan,100,JP,1579987238,100,31.6,131.37,48.0,8.01
387,Sioux Lookout,100,CA,1579986822,92,50.1,-91.92,27.7,3.15
388,Port-Gentil,40,GA,1579987238,88,-0.72,8.78,82.4,6.93
389,Olafsvik,100,IS,1579987238,79,64.89,-23.71,35.91,13.38
390,Ankang,94,CN,1579987238,92,32.68,109.02,34.12,1.21
391,Landkreis Neustadt an der Waldnaab,100,DE,1579987239,90,49.71,12.09,33.01,2.48
392,Saint George's,100,GD,1579987239,77,12.06,-61.75,79.39,10.65
393,Nchelenge,100,ZM,1579987239,86,-9.35,28.73,70.7,3.89
394,Marawi,0,PH,1579987005,91,8.0,124.29,77.0,1.01
395,Jiblah,32,YE,1579987239,92,13.92,44.15,60.01,3.09
396,Gold Coast,0,AU,1579987181,92,-28.0,153.43,81.0,4.83
397,Kraslava,33,LV,1579987239,88,55.9,27.17,32.11,7.45
398,Smithers,97,CA,1579987239,95,54.78,-127.17,30.31,3.76
399,Sirte,100,LY,1579986996,33,31.21,16.59,60.66,10.8
400,Xingyi,100,CN,1579987239,90,24.19,102.82,38.86,3.78
401,Kihei,6,US,1579987239,71,20.79,-156.47,78.01,10.0
402,Sechura,23,PE,1579987239,82,-5.56,-80.82,75.58,14.58
403,Juneau,100,US,1579987239,92,58.3,-134.42,30.99,6.44
404,Namie,100,JP,1579987239,66,37.48,141.0,35.01,4.9
405,Banda Aceh,95,ID,1579987240,85,5.56,95.32,71.76,3.36
406,The Pas,100,CA,1579987240,91,53.83,-101.25,23.45,5.86
407,Ranong,100,TH,1579987240,81,9.97,98.63,75.61,6.08
408,Nizhniy Tsasuchey,100,RU,1579987240,83,50.52,115.13,0.01,5.35
409,Port Augusta,0,AU,1579987211,64,-32.5,137.77,66.99,4.99
410,Landeck,100,AT,1579987240,88,47.13,10.56,35.01,6.04
411,Masyaf,0,SY,1579987240,56,35.07,36.34,38.62,7.56
412,College,100,US,1579987198,73,64.86,-147.8,-4.0,3.0
413,Dourados,0,BR,1579987240,58,-22.22,-54.81,85.41,2.8
414,Develi,0,TR,1579987240,48,38.39,35.49,24.31,4.63
415,Udachny,79,RU,1579987240,96,66.42,112.4,-23.08,9.78
416,Kawhia,18,NZ,1579987240,76,-38.07,174.82,78.01,5.99
417,Prince Rupert,95,CA,1579987214,83,54.32,-130.32,44.31,17.94
418,Atar,75,MR,1579987241,20,20.52,-13.05,77.83,9.08
419,Nanchong,91,CN,1579987241,85,30.8,106.08,43.97,3.15
420,Bonfim,91,BR,1579987241,33,3.08,-59.95,95.07,6.42
421,Kalabo,0,ZM,1579987241,77,-14.97,22.68,70.88,2.59
422,Temascalcingo,100,MX,1579987241,41,19.92,-100.0,69.01,5.99
423,Abu Kamal,0,SY,1579987241,69,34.45,40.92,44.82,10.0
424,Nioro,100,GM,1579987241,9,13.35,-15.75,86.52,5.91
425,Neiafu,0,TO,1579987241,82,-18.65,-173.98,79.92,2.19
426,Ulaanbaatar,0,MN,1579987241,76,47.91,106.88,3.36,4.99
427,Novopskov,98,UA,1579987241,94,49.55,39.09,33.67,14.94
428,Khvoynaya,100,RU,1579987241,86,58.9,34.53,26.98,11.65
429,Forestville,90,US,1579987241,81,38.85,-76.88,51.01,11.41
430,Trinidad,71,BO,1579987241,65,-14.83,-64.9,88.36,4.12
431,Teahupoo,2,PF,1579987241,66,-17.83,-149.27,87.01,11.01
432,Kyabe,98,TD,1579987241,11,9.45,18.94,68.31,5.06
433,Kayerkan,100,RU,1579987241,92,69.35,87.76,3.97,9.4
434,Callaway,19,US,1579987242,64,30.15,-85.57,57.99,3.0
435,Donskoye,40,RU,1579987242,74,45.46,41.97,33.01,20.0
436,Raton,1,US,1579987242,27,36.9,-104.44,53.01,13.87
437,Iturama,10,BR,1579987242,77,-19.73,-50.2,79.54,3.85
438,Steinbach am Taunus,40,DE,1579987242,100,50.17,8.57,36.0,0.49
439,Acapulco de Juarez,7,MX,1579986839,51,16.86,-99.89,83.28,9.15
440,Taoudenni,62,ML,1579987242,14,22.68,-3.98,77.18,6.58
441,Angatuba,2,BR,1579987242,66,-23.49,-48.41,78.04,4.83
442,Minab,0,IR,1579987242,57,27.15,57.08,63.16,4.7
443,Nigran,0,ES,1579987242,89,42.14,-8.81,51.01,1.01
444,Rocha,0,UY,1579987144,48,-34.48,-54.33,75.42,12.66
445,Kokstad,49,ZA,1579987242,85,-30.55,29.42,58.21,4.72
446,Sinnai,0,IT,1579987242,83,39.3,9.2,52.0,2.46
447,Ruteng,99,ID,1579987243,89,-8.61,120.47,68.7,3.06
448,Dymer,91,UA,1579987243,89,50.79,30.3,35.01,1.01
449,Pontes e Lacerda,75,BR,1579987243,46,-15.23,-59.34,88.68,6.02
450,Salta,75,AR,1579987243,40,-24.79,-65.41,87.8,6.93
451,Thinadhoo,100,MV,1579987167,81,0.53,72.93,82.22,14.07
452,Teya,83,RU,1579987243,83,60.38,92.63,16.57,16.91
453,Tautira,63,PF,1579987009,66,-17.73,-149.15,87.01,11.01
454,Konstanz,100,DE,1579987243,95,47.66,9.18,34.0,1.03
455,Shelopugino,99,RU,1579987243,80,51.65,117.56,2.48,4.52
456,Seoul,100,KR,1579987243,82,37.57,126.98,35.6,2.89
457,Makakilo City,12,US,1579987153,54,21.35,-158.09,80.01,8.97
458,Flinders,41,AU,1579987243,22,-34.58,150.86,82.0,2.17
459,Nizhnevartovsk,94,RU,1579987243,95,60.93,76.55,5.41,8.86
460,Haines Junction,99,CA,1579987244,99,60.75,-137.51,-14.37,6.87
461,Nishihara,100,JP,1579987244,94,26.18,127.76,69.01,8.01
462,Chandbali,100,IN,1579987244,73,20.78,86.77,67.14,6.06
463,Yenagoa,89,NG,1579987244,57,4.92,6.26,75.25,4.41
464,Biu,24,NG,1579987244,18,10.61,12.19,67.87,17.94
465,Alamogordo,0,US,1579987244,27,32.9,-105.96,64.0,4.0
466,Pasighat,0,IN,1579987244,71,28.07,95.33,50.81,2.19
467,Soloneshnoye,100,RU,1579987244,95,51.65,84.32,20.01,2.64
468,Tikhvin,100,RU,1579987244,91,59.65,33.53,27.0,1.01
469,Salair,100,RU,1579987244,94,54.23,85.8,19.17,9.89
470,Chumikan,0,RU,1579987244,82,54.72,135.31,-12.3,13.47
471,Omboue,20,GA,1579987025,92,-1.57,9.26,76.93,3.91
472,Santa Lucia,29,ES,1579987244,68,27.91,-15.54,64.0,8.19
473,Betare Oya,10,CM,1579987244,21,5.6,14.08,66.79,5.99
474,Manono,100,CD,1579987245,91,-7.3,27.42,71.06,0.63
475,Nirmali,0,IN,1579987245,68,26.32,86.58,54.57,3.91
476,Eydhafushi,100,MV,1579987245,72,5.1,73.07,81.82,9.08
477,Ban Nahin,72,LA,1579987245,92,18.24,104.21,67.21,2.53
478,Matay,0,EG,1579987245,49,28.42,30.78,46.72,7.34
479,Visnes,100,NO,1579987245,96,59.36,5.22,44.01,13.0
480,Aswan,0,EG,1579987245,65,24.09,32.91,51.22,13.22
481,Kidal,99,ML,1579986981,10,18.44,1.41,73.35,7.45
482,Soyo,100,AO,1579987245,88,-6.13,12.37,80.6,8.32
483,Leningradskiy,96,RU,1579987133,95,69.38,178.42,-12.96,4.41
484,Codrington,85,AU,1579987245,93,-38.27,141.97,61.86,13.47
485,Hamilton,90,US,1579987245,93,39.18,-84.53,36.0,6.93
486,Hoquiam,90,US,1579987245,93,46.98,-123.89,54.0,4.7
487,Zhoucun,100,CN,1579987245,54,36.82,117.82,36.0,4.56
488,Buribay,100,RU,1579987245,92,51.96,58.16,22.3,15.73
489,Bar Harbor,100,US,1579987205,87,44.39,-68.2,37.0,4.0
490,Ballina,0,AU,1579987058,97,-28.87,153.57,75.0,5.5
491,Salinopolis,97,BR,1579987246,83,-0.61,-47.36,81.95,15.55
492,Batsfjord,70,NO,1579987246,81,70.63,29.72,16.11,24.58
493,Rafai,29,CF,1579987246,28,4.95,23.92,74.52,5.91
494,Hirado,100,JP,1579987246,93,33.36,129.55,50.0,5.99
495,Amapa,98,BR,1579987246,93,1.0,-52.0,77.95,4.14
496,Jijiga,100,ET,1579987198,90,9.35,42.8,61.34,12.15
497,Helong,0,CN,1579987246,81,42.54,129.0,6.08,5.14
498,Iskateley,99,RU,1579987246,100,67.68,53.15,-7.64,5.73
499,Roald,100,NO,1579987246,88,62.58,6.13,48.0,13.0
500,Samarai,47,PG,1579987171,84,-10.62,150.67,77.5,3.22
501,Monte Alegre,99,BR,1579987246,49,-2.01,-54.07,91.27,3.78
502,Pokhara,2,NP,1579987246,85,28.23,83.98,45.82,1.97
503,Bowen,100,AU,1579987247,93,-20.02,148.23,78.01,5.53
504,Pahrump,100,US,1579987183,33,36.21,-115.98,66.99,1.01
505,Mizan Teferi,100,ET,1579987247,40,6.98,35.58,69.49,2.82
506,Swan River,100,CA,1579987165,95,52.11,-101.27,26.56,2.84
507,Mizdah,100,LY,1579987247,22,31.45,12.98,59.5,4.34
508,Asau,71,RO,1579987170,80,46.43,26.4,28.0,7.0
509,Antofagasta,35,CL,1579987247,49,-23.65,-70.4,72.0,5.41
510,Thayetmyo,0,MM,1579987247,49,19.32,95.18,54.16,2.59
511,Esso,100,RU,1579987247,95,55.93,158.7,11.71,1.68
512,Brae,100,GB,1579987247,83,60.4,-1.35,47.26,25.97
513,Petropavlovsk-Kamchatsky,99,RU,1579987247,90,53.05,158.65,17.55,13.58
514,Jutai,78,BR,1579987247,62,-5.18,-68.9,88.23,2.24
515,Yangi Marg`ilon,100,UZ,1579987247,72,40.43,71.72,41.31,6.62
516,Hit,0,IQ,1579987248,67,33.64,42.83,48.79,13.78
517,Yeppoon,100,AU,1579987248,81,-23.13,150.73,79.09,6.17
518,Antsohihy,100,MG,1579987248,93,-14.88,47.99,73.4,3.71
519,Padang,91,ID,1579987212,96,-0.95,100.35,69.39,2.24
520,Balkanabat,1,TM,1579987248,69,39.51,54.37,29.16,0.96
521,Santa Rosa,67,PH,1579987248,90,14.31,121.11,77.0,1.01
522,Areosa,0,PT,1579987248,89,41.72,-8.86,51.01,1.01
523,Lejanias,62,CO,1579987248,65,3.53,-74.02,78.06,6.98
524,Monrovia,0,LR,1579987248,84,6.3,-10.8,79.99,7.02
525,Poya,67,NC,1579987248,77,-21.35,165.15,77.76,5.06
526,Ust'-Uda,100,RU,1579987248,86,54.17,103.03,7.45,4.47
527,Masallatah,78,LY,1579987248,38,32.62,14.0,59.27,3.91
528,Okha,0,RU,1579987248,82,53.57,142.95,-13.9,15.97
529,Maniitsoq,100,GL,1579987225,89,65.42,-52.9,13.84,4.52
530,Nikolsk,100,RU,1579987249,97,53.72,46.07,30.69,11.97
531,Kingseat,99,GB,1579987249,91,56.1,-3.41,45.0,8.01
532,Buchanan,0,LR,1579987249,88,5.88,-10.05,77.7,2.75
533,Portree,100,GB,1579987026,81,57.41,-6.19,46.99,25.01
534,Gao,14,ML,1579987249,8,16.64,1.64,75.76,11.95
535,Auki,0,SB,1579987007,76,-8.77,160.7,83.41,6.08
536,Laramie,1,US,1579987249,33,41.31,-105.59,44.6,16.11
537,Peleduy,97,RU,1579987249,95,59.63,112.74,15.53,6.38
538,Manbij,0,SY,1579987249,60,36.53,37.95,37.96,11.36
539,Ouidah,62,BJ,1579987249,42,6.36,2.09,75.24,4.41
540,Cabedelo,71,BR,1579987249,79,-6.98,-34.83,81.37,9.35
541,Escanaba,100,US,1579987081,97,45.75,-87.06,37.99,5.37
542,Laredo,100,US,1579987015,86,27.51,-99.51,66.0,7.65
543,Kushmurun,100,KZ,1579987249,86,52.45,64.63,18.36,23.31
544,Manggar,8,ID,1579987250,81,-2.88,108.27,81.05,10.63
545,Nikolayevsk-on-Amure,0,RU,1579987250,91,53.14,140.73,-20.87,4.88
546,Goderich,100,CA,1579987250,93,43.75,-81.72,36.0,1.99
547,Kupang,69,ID,1579987178,77,-10.17,123.58,83.17,4.54
548,Binga,0,ZW,1579987250,72,-17.62,27.34,77.63,4.59
549,Upata,100,VE,1579987250,39,8.01,-62.4,85.82,6.49
550,Pandamatenga,4,BW,1579987250,75,-18.53,25.63,69.01,5.28
551,Aleppo Governorate,0,SY,1579987250,61,36.25,37.5,40.06,9.53
552,Kokopo,74,PG,1579987250,80,-4.35,152.26,81.59,5.37
553,'Ewa Beach,12,US,1579987158,54,21.32,-158.01,80.01,8.97
554,Ternate,25,ID,1579987087,94,0.8,127.4,73.67,2.24
